{"cameraMode":{"drawMode":0,"name":"Shaded","section":"Shading Mode"},"sceneLighting":false,"audioPlay":false,"sceneViewState":{"showFog":true,"showMaterialUpdate":false,"showSkybox":true,"showFlares":true,"showImageEffects":true,"showParticleSystems":true},"in2DMode":false,"pivot":{"x":11.824423789978028,"y":-7.369638919830322,"z":2.6578125953674318},"rotation":{"x":-0.36066022515296938,"y":-0.15674468874931336,"z":0.06163972243666649,"w":-0.9173635840415955},"size":15.74903678894043,"orthographic":false}