{"cameraMode":{"drawMode":0,"name":"Shaded","section":"Shading Mode"},"sceneLighting":false,"audioPlay":false,"sceneViewState":{"showFog":true,"showMaterialUpdate":false,"showSkybox":true,"showFlares":true,"showImageEffects":true,"showParticleSystems":true},"in2DMode":false,"pivot":{"x":-2.239161729812622,"y":-0.4324338436126709,"z":-0.018520355224609376},"rotation":{"x":-0.2585809826850891,"y":-0.6432995200157166,"z":0.24549852311611176,"w":-0.6775190830230713},"size":7.970295429229736,"orthographic":false}